"chrom","start","end","label"
"chr12",9912424,9912570,"chr"
"chr12",9912571,9912684,"chr"
"chr12",9912685,9912844,"chr"
"chr12",9912845,9912961,"chr"
"chr12",9912962,9913076,"chr"
"chr12",9913077,9913187,"chr"
"chr12",9913188,9913288,"CD69_promoter"
"chr12",9913289,9913389,"CD69_promoter"
"chr12",9913390,9913491,"CD69_promoter"
"chr12",9913492,9913592,"CD69_promoter"
"chr12",9913593,9913694,"CD69_promoter"
"chr12",9913695,9913804,"CD69_promoter"
"chr12",9913805,9913906,"CD69_promoter"
"chr12",9913907,9914009,"CD69_promoter"
"chr12",9914010,9914114,"CD69_promoter"
"chr12",9914115,9914220,"CD69_promoter"
"chr12",9914221,9914326,"CD69_promoter"
"chr12",9914327,9914438,"CD69_promoter"
"chr12",9914439,9914550,"CD69_promoter"
"chr12",9914551,9914657,"CD69_promoter"
"chr12",9914658,9914759,"CD69_promoter"
"chr12",9914760,9914865,"CD69_promoter"
"chr12",9914866,9914970,"CD69_promoter"
"chr12",9914971,9915072,"CD69_promoter"
"chr12",9915073,9915179,"CD69_promoter"
"chr12",9915180,9915298,"CD69_promoter"
"chr12",9915299,9915410,"CD69_promoter"
"chr12",9915411,9915511,"CD69_promoter"
"chr12",9915512,9915616,"CD69_promoter"
"chr12",9915617,9915721,"CD69_promoter"
"chr12",9915722,9915834,"chr"
"chr12",9915835,9915936,"chr"
"chr12",9915937,9916040,"chr"
"chr12",9916041,9916141,"chr"
"chr12",9916142,9916250,"chr"
"chr12",9916251,9916368,"chr"
"chr12",9916369,9916481,"chr"
"chr12",9916482,9916582,"chr"
"chr12",9916583,9916683,"chr"
"chr12",9916684,9916788,"chr"
"chr12",9916789,9916892,"chr"
"chr12",9916893,9916993,"chr"
"chr12",9916994,9917109,"chr"
"chr12",9917110,9917211,"chr"
"chr12",9917212,9917312,"chr"
"chr12",9917313,9917413,"chr"
"chr12",9917414,9917546,"chr"
"chr12",9917547,9917655,"chr"
"chr12",9917656,9917763,"chr"
"chr12",9917764,9917865,"chr"
"chr12",9917866,9917966,"chr"
"chr12",9917967,9918077,"chr"
"chr12",9918078,9918178,"chr"
"chr12",9918179,9918283,"chr"
"chr12",9918284,9918384,"chr"
"chr12",9918385,9918497,"chr"
"chr12",9918498,9918598,"chr"
"chr12",9918599,9918703,"chr"
"chr12",9918704,9918823,"chr"
"chr12",9918824,9918964,"chr"
"chr12",9918965,9919092,"chr"
"chr12",9919093,9919193,"chr"
"chr12",9919194,9919299,"chr"
"chr12",9919300,9919400,"chr"
"chr12",9919401,9919506,"chr"
"chr12",9919507,9919609,"chr"
"chr12",9919610,9919710,"chr"
"chr12",9919711,9919816,"chr"
"chr12",9919817,9919926,"chr"
"chr12",9919927,9920029,"chr"
"chr12",9920030,9920138,"chr"
"chr12",9920139,9920239,"chr"
"chr12",9920240,9920347,"chr"
"chr12",9920348,9920453,"chr"
"chr12",9920454,9920577,"chr"
"chr12",9920578,9920678,"chr"
"chr12",9920679,9920783,"chr"
"chr12",9920784,9920892,"chr"
"chr12",9920893,9920996,"chr"
"chr12",9920997,9921126,"chr"
"chr12",9921127,9921231,"chr"
"chr12",9921232,9921338,"chr"
"chr12",9921339,9921439,"chr"
"chr12",9921440,9921592,"chr"
"chr12",9921593,9921695,"chr"
"chr12",9921696,9921800,"chr"
"chr12",9921801,9921909,"chr"
"chr12",9921910,9922012,"chr"
"chr12",9922013,9922115,"chr"
"chr12",9922116,9922226,"chr"
"chr12",9922227,9922329,"chr"
"chr12",9922330,9922435,"chr"
"chr12",9922436,9922552,"chr"
"chr12",9922553,9922660,"chr"
"chr12",9922661,9922761,"chr"
"chr12",9922762,9922865,"chr"
"chr12",9922866,9922972,"chr"
"chr12",9922973,9923084,"chr"
"chr12",9923085,9923193,"chr"
"chr12",9923194,9923294,"chr"
"chr12",9923295,9923408,"chr"
"chr12",9923409,9923511,"chr"
"chr12",9923512,9923622,"chr"
"chr12",9923623,9923724,"chr"
"chr12",9923725,9923828,"chr"
"chr12",9923829,9923953,"chr"
"chr12",9923954,9924101,"chr"
"chr12",9924102,9924215,"chr"
"chr12",9924216,9924316,"chr"
"chr12",9924317,9924417,"chr"
"chr12",9924418,9924521,"chr"
"chr12",9924522,9924631,"chr"
"chr12",9924632,9924736,"chr"
"chr12",9924737,9924837,"chr"
"chr12",9924838,9924941,"chr"
"chr12",9924942,9925051,"chr"
"chr12",9925052,9925156,"chr"
"chr12",9925157,9925260,"chr"
"chr12",9925261,9925361,"chr"
"chr12",9925362,9925464,"chr"
"chr12",9925465,9925597,"chr"
"chr12",9925598,9925698,"chr"
"chr12",9925699,9925802,"chr"
"chr12",9925803,9925903,"chr"
"chr12",9925904,9926007,"chr"
"chr12",9926008,9926114,"chr"
"chr12",9926115,9926222,"chr"
"chr12",9926223,9926336,"chr"
"chr12",9926337,9926444,"chr"
"chr12",9926445,9926549,"chr"
"chr12",9926550,9926651,"chr"
"chr12",9926652,9926759,"chr"
"chr12",9926760,9926864,"chr"
"chr12",9926865,9926987,"chr"
"chr12",9926988,9927088,"chr"
"chr12",9927089,9927191,"chr"
"chr12",9927192,9927294,"chr"
"chr12",9927295,9927395,"chr"
"chr12",9927396,9927508,"chr"
"chr12",9927509,9927617,"chr"
"chr12",9927618,9927723,"chr"
"chr12",9927724,9927826,"chr"
"chr12",9927827,9927929,"chr"
"chr12",9927930,9928052,"chr"
"chr12",9928053,9928168,"chr"
"chr12",9928169,9928283,"chr"
"chr12",9928284,9928387,"chr"
"chr12",9928388,9928491,"chr"
"chr12",9928492,9928592,"chr"
"chr12",9928593,9928713,"chr"
"chr12",9928714,9928822,"chr"
"chr12",9928823,9928926,"chr"
"chr12",9928927,9929029,"chr"
"chr12",9929030,9929130,"chr"
"chr12",9929131,9929233,"chr"
"chr12",9929234,9929336,"chr"
"chr12",9929337,9929464,"chr"
"chr12",9929465,9929583,"chr"
"chr12",9929584,9929684,"chr"
"chr12",9929685,9929790,"chr"
"chr12",9929791,9929905,"chr"
"chr12",9929906,9930014,"chr"
"chr12",9930015,9930120,"chr"
"chr12",9930121,9930226,"chr"
"chr12",9930227,9930338,"chr"
"chr12",9930339,9930465,"chr"
"chr12",9930466,9930566,"chr"
"chr12",9930567,9930672,"chr"
"chr12",9930673,9930777,"chr"
"chr12",9930778,9930885,"chr"
"chr12",9930886,9930986,"chr"
"chr12",9930987,9931108,"chr"
"chr12",9931109,9931216,"chr"
"chr12",9931217,9931319,"chr"
"chr12",9931320,9931420,"chr"
"chr12",9931421,9931528,"chr"
"chr12",9931529,9931637,"chr"
"chr12",9931638,9931739,"chr"
"chr12",9931740,9931840,"chr"
"chr12",9931841,9931943,"chr"
"chr12",9931944,9932057,"chr"
"chr12",9932058,9932160,"chr"
"chr12",9932161,9932266,"chr"
"chr12",9932267,9932381,"chr"
"chr12",9932382,9932488,"chr"
"chr12",9932489,9932601,"chr"
"chr12",9932602,9932714,"chr"
"chr12",9932715,9932820,"chr"
"chr12",9932821,9932921,"chr"
"chr12",9932922,9933030,"chr"
"chr12",9933031,9933132,"chr"
"chr12",9933133,9933233,"chr"
"chr12",9933234,9933337,"chr"
"chr12",9933338,9933441,"chr"
"chr12",9933442,9933552,"chr"
"chr12",9933553,9933653,"chr"
"chr12",9933654,9933755,"chr"
"chr12",9933756,9933857,"chr"
"chr12",9933858,9933975,"chr"
"chr12",9933976,9934078,"chr"
"chr12",9934079,9934180,"chr"
"chr12",9934181,9934281,"chr"
"chr12",9934282,9934386,"chr"
"chr12",9934387,9934498,"chr"
"chr12",9934499,9934600,"chr"
"chr12",9934601,9934701,"chr"
"chr12",9934702,9934806,"chr"
"chr12",9934807,9934918,"chr"
"chr12",9934919,9935020,"chr"
"chr12",9935021,9935130,"chr"
"chr12",9935131,9935234,"chr"
"chr12",9935235,9935335,"chr"
"chr12",9935336,9935436,"chr"
"chr12",9935437,9935540,"chr"
"chr12",9935541,9935646,"chr"
"chr12",9935647,9935748,"chr"
"chr12",9935749,9935849,"chr"
"chr12",9935850,9935964,"chr"
"chr12",9935965,9936066,"chr"
"chr12",9936067,9936168,"chr"
"chr12",9936169,9936276,"chr"
"chr12",9936277,9936384,"chr"
"chr12",9936385,9936490,"chr"
"chr12",9936491,9936603,"chr"
"chr12",9936604,9936704,"chr"
"chr12",9936705,9936809,"chr"
"chr12",9936810,9936912,"chr"
"chr12",9936913,9937023,"chr"
"chr12",9937024,9937137,"chr"
"chr12",9937138,9937244,"chr"
"chr12",9937245,9937350,"chr"
"chr12",9937351,9937457,"chr"
"chr12",9937458,9937563,"chr"
"chr12",9937564,9937664,"chr"
"chr12",9937665,9937770,"chr"
"chr12",9937771,9937874,"chr"
"chr12",9937875,9937975,"chr"
"chr12",9937976,9938076,"chr"
"chr12",9938077,9938181,"chr"
"chr12",9938182,9938294,"chr"
"chr12",9938295,9938423,"chr"
"chr12",9938424,9938542,"chr"
"chr12",9938543,9938654,"chr"
"chr12",9938655,9938761,"chr"
"chr12",9938762,9938862,"chr"
"chr12",9938863,9938967,"chr"
"chr12",9938968,9939070,"chr"
"chr12",9939071,9939172,"chr"
"chr12",9939173,9939282,"chr"
"chr12",9939283,9939387,"chr"
"chr12",9939388,9939490,"chr"
"chr12",9939491,9939592,"chr"
"chr12",9939593,9939710,"chr"
"chr12",9939711,9939821,"chr"
"chr12",9939822,9939925,"chr"
"chr12",9939926,9940041,"chr"
"chr12",9940042,9940144,"chr"
"chr12",9940145,9940253,"chr"
"chr12",9940254,9940359,"chr"
"chr12",9940360,9940461,"chr"
"chr12",9940462,9940566,"chr"
"chr12",9940567,9940669,"chr"
"chr12",9940670,9940770,"chr"
"chr12",9940771,9940875,"chr"
"chr12",9940876,9940998,"chr"
"chr12",9940999,9941110,"chr"
"chr12",9941111,9941212,"chr"
"chr12",9941213,9941314,"chr"
"chr12",9941315,9941420,"chr"
"chr12",9941421,9941534,"chr"
"chr12",9941535,9941642,"chr"
"chr12",9941643,9941747,"chr"
"chr12",9941748,9941871,"chr"
"chr12",9941872,9941983,"chr"
"chr12",9941984,9942088,"chr"
"chr12",9942089,9942207,"chr"
"chr12",9942208,9942309,"chr"
"chr12",9942310,9942410,"chr"
"chr12",9942411,9942517,"chr"
"chr12",9942518,9942627,"chr"
"chr12",9942628,9942728,"chr"
"chr12",9942729,9942837,"chr"
"chr12",9942838,9942940,"chr"
"chr12",9942941,9943052,"chr"
"chr12",9943053,9943162,"chr"
"chr12",9943163,9943264,"chr"
"chr12",9943265,9943365,"chr"
"chr12",9943366,9943472,"chr"
"chr12",9943473,9943575,"chr"
"chr12",9943576,9943680,"chr"
"chr12",9943681,9943785,"chr"
"chr12",9943786,9943889,"chr"
"chr12",9943890,9943995,"chr"
"chr12",9943996,9944105,"chr"
"chr12",9944106,9944207,"chr"
"chr12",9944208,9944309,"chr"
"chr12",9944310,9944456,"chr"
"chr12",9944457,9944568,"chr"
"chr12",9944569,9944674,"chr"
"chr12",9944675,9944775,"chr"
"chr12",9944776,9944877,"chr"
"chr12",9944878,9944987,"chr"
"chr12",9944988,9945095,"chr"
"chr12",9945096,9945199,"chr"
"chr12",9945200,9945306,"chr"
"chr12",9945307,9945407,"chr"
"chr12",9945408,9945515,"chr"
"chr12",9945516,9945619,"chr"
"chr12",9945620,9945724,"chr"
"chr12",9945725,9945827,"chr"
"chr12",9945828,9945940,"chr"
"chr12",9945941,9946041,"chr"
"chr12",9946042,9946144,"chr"
"chr12",9946145,9946247,"chr"
"chr12",9946248,9946351,"chr"
"chr12",9946352,9946464,"chr"
"chr12",9946465,9946584,"chr"
"chr12",9946585,9946694,"chr"
"chr12",9946695,9946811,"chr"
"chr12",9946812,9946925,"chr"
"chr12",9946926,9947036,"chr"
"chr12",9947037,9947137,"chr"
"chr12",9947138,9947241,"chr"
"chr12",9947242,9947363,"chr"
"chr12",9947364,9947471,"chr"
"chr12",9947472,9947574,"chr"
"chr12",9947575,9947680,"chr"
"chr12",9947681,9947791,"chr"
"chr12",9947792,9947900,"chr"
"chr12",9947901,9948001,"chr"
"chr12",9948002,9948104,"chr"
"chr12",9948105,9948216,"chr"
"chr12",9948217,9948319,"chr"
"chr12",9948320,9948421,"chr"
"chr12",9948422,9948527,"chr"
"chr12",9948528,9948636,"chr"
"chr12",9948637,9948739,"chr"
"chr12",9948740,9948841,"chr"
"chr12",9948842,9948967,"chr"
"chr12",9948968,9949070,"chr"
"chr12",9949071,9949193,"chr"
"chr12",9949194,9949315,"chr"
"chr12",9949316,9949419,"chr"
"chr12",9949420,9949520,"chr"
"chr12",9949521,9949628,"chr"
"chr12",9949629,9949732,"chr"
"chr12",9949733,9949836,"chr"
"chr12",9949837,9949946,"chr"
"chr12",9949947,9950047,"chr"
"chr12",9950048,9950152,"chr"
"chr12",9950153,9950256,"chr"
"chr12",9950257,9950366,"chr"
"chr12",9950367,9950467,"chr"
"chr12",9950468,9950598,"chr"
"chr12",9950599,9950701,"chr"
"chr12",9950702,9950812,"chr"
"chr12",9950813,9950924,"chr"
"chr12",9950925,9951026,"chr"
"chr12",9951027,9951131,"chr"
"chr12",9951132,9951268,"chr"
"chr12",9951269,9951393,"chr"
"chr12",9951394,9951494,"chr"
"chr12",9951495,9951599,"chr"
"chr12",9951600,9951728,"chr"
"chr12",9951729,9951831,"chr"
"chr12",9951832,9951939,"chr"
"chr12",9951940,9952054,"chr"
"chr12",9952055,9952186,"chr"
"chr12",9952187,9952290,"chr"
"chr12",9952291,9952393,"chr"
"chr12",9952394,9952498,"chr"
"chr12",9952499,9952606,"chr"
"chr12",9952607,9952710,"chr"
"chr12",9952711,9952813,"chr"
"chr12",9952814,9952914,"chr"
"chr12",9952915,9953015,"chr"
"chr12",9953016,9953130,"chr"
"chr12",9953131,9953235,"chr"
"chr12",9953236,9953354,"chr"
"chr12",9953355,9953467,"chr"
"chr12",9953468,9953568,"chr"
"chr12",9953569,9953681,"chr"
"chr12",9953682,9953782,"chr"
"chr12",9953783,9953891,"chr"
"chr12",9953892,9954006,"chr"
"chr12",9954007,9954117,"chr"
"chr12",9954118,9954235,"chr"
"chr12",9954236,9954341,"chr"
"chr12",9954342,9954459,"chr"
"chr12",9954460,9954560,"chr"
"chr12",9954561,9954664,"chr"
"chr12",9954665,9954771,"chr"
"chr12",9954772,9954872,"chr"
"chr12",9954873,9954976,"chr"
"chr12",9954977,9955077,"chr"
"chr12",9955078,9955189,"chr"
"chr12",9955190,9955290,"chr"
"chr12",9955291,9955396,"chr"
"chr12",9955397,9955497,"chr"
"chr12",9955498,9955609,"chr"
"chr12",9955610,9955710,"chr"
"chr12",9955711,9955825,"chr"
"chr12",9955826,9955936,"chr"
"chr12",9955937,9956037,"chr"
"chr12",9956038,9956143,"chr"
"chr12",9956144,9956245,"chr"
"chr12",9956246,9956359,"chr"
"chr12",9956360,9956460,"chr"
"chr12",9956461,9956568,"chr"
"chr12",9956569,9956673,"chr"
"chr12",9956674,9956779,"chr"
"chr12",9956780,9956911,"chr"
"chr12",9956912,9957028,"chr"
"chr12",9957029,9957136,"chr"
"chr12",9957137,9957238,"chr"
"chr12",9957239,9957375,"chr"
"chr12",9957376,9957497,"chr"
"chr12",9957498,9957602,"chr"
"chr12",9957603,9957703,"chr"
"chr12",9957704,9957818,"chr"
"chr12",9957819,9957919,"chr"
"chr12",9957920,9958023,"chr"
"chr12",9958024,9958146,"chr"
"chr12",9958147,9958252,"chr"
"chr12",9958253,9958375,"chr"
"chr12",9958376,9958482,"chr"
"chr12",9958483,9958616,"chr"
"chr12",9958617,9958718,"chr"
"chr12",9958719,9958830,"chr"
"chr12",9958831,9958936,"chr"
"chr12",9958937,9959061,"chr"
"chr12",9959062,9959164,"chr"
"chr12",9959165,9959265,"chr"
"chr12",9959266,9959374,"chr"
"chr12",9959375,9959484,"chr"
"chr12",9959485,9959596,"chr"
"chr12",9959597,9959704,"chr"
"chr12",9959705,9959814,"chr"
"chr12",9959815,9959954,"chr"
"chr12",9959955,9959969,"chr"
